{
	"code": 200,
	"msg": "成功",
	"data": [116.396574, 39.992706]
}